word,meaning,sentence
alleviate,to make something less severe or intense,The government introduced new policies to alleviate poverty in the region.
candid,"honest and straightforward, even when the truth might be unpleasant",She gave a candid assessment of the challenges facing the project.
meticulous,very careful and precise about details,He was meticulous in planning eveyr aspect of the wedding.
resilient,able to recover quickly from difficulties or adapt to change ,Children are often more resilient than adults when faced with adversity.
impeccable,perfect and without any mistakes or faults,Her impreccable manners made a great impression on her colleagues.
precarious,not securely held or in a stable position; dangerous or likely to collapse,The climber found himself in a precarious position on the edge of the cliff.
ambiguous,open to more than one interpretation; unclear,The instructions were so ambiguous that nobody knew what to do.
eloquent,fluent and persuasive in speaking or writing,The politician's eloquent speech inspired thousands of people.
advocate,to publicly support or recommend a cause or policy,He is known to advocate for environmental sustainability.
perplexing,confusing or difficult to understand,The puzzle was so perplexing that even the experts struggled to solve it.
intricate,very detailed and complicated,The artist's intricate designs were admired by everyone at the gallery.
plausible,seeming reasonable or likely to be true,"Her explanation for being late sounded plausible, so I accepted it."
contemplate,to think deeply about something for a long time,He spent hours contemplating the consequences of his decision.
ominous,suggesting something bad or unpleasant is going to happen,The dark sky looked ominous before the storm began.
inevitable,certain to happen and impossible to avoid,"After weeks of heavy rain, flooding seemed inevitable"
subtle,not obvious or easy to notice,She noticed a subtle change in his tone of voice.
imminent,about to happen very soon,The dark clouds signaled that a storm was imminent.
convey,to express a thought/feeling or idea so that it is understood by other people,The teacher used simple examples to convey complex ideas to the students.
versatile,able to adapt to many different functions or activities,The jack is so versatile that you can wear it in any season.